{
    "Vitality": {
        "Vitality": 1,
        "MOUZ": 0.701116423,
        "Spirit": 0.647690414,
        "G2": 0.793669301,
        "The Mongolz": 0.745216993,
        "Aurora": 0.729506779,
        "Natus Vincere": 0.834198919,
        "Liquid": 0.93703577,
        "Legacy": 0.883582005,
        "Virtus.pro": 0.868557028,
        "paiN": 0.955320417,
        "3DMAX": 0.873243035,
        "FURIA": 0.869157926,
        "FaZe": 0.848380333,
        "Nemiga": 0.897900756,
        "Lynn Vision": 0.905233772
    },
    "MOUZ": {
        "Vitality": 0.298883577,
        "MOUZ": 1,
        "Spirit": 0.510831365,
        "G2": 0.66228128,
        "The Mongolz": 0.614031477,
        "Aurora": 0.606403734,
        "Natus Vincere": 0.679232739,
        "Liquid": 0.819391399,
        "Legacy": 0.829100665,
        "Virtus.pro": 0.8330694,
        "paiN": 0.886949615,
        "3DMAX": 0.911768417,
        "FURIA": 0.814067764,
        "FaZe": 0.779502336,
        "Nemiga": 0.81534917,
        "Lynn Vision": 0.842666884
    },
    "Spirit": {
        "Vitality": 0.352309586,
        "MOUZ": 0.489168635,
        "Spirit": 1,
        "G2": 0.691828094,
        "The Mongolz": 0.639694811,
        "Aurora": 0.59626114,
        "Natus Vincere": 0.750942137,
        "Liquid": 0.84039215,
        "Legacy": 0.827004803,
        "Virtus.pro": 0.802729814,
        "paiN": 0.933319496,
        "3DMAX": 0.856293325,
        "FURIA": 0.805010288,
        "FaZe": 0.773342409,
        "Nemiga": 0.874985436,
        "Lynn Vision": 0.857672631
    },
    "G2": {
        "Vitality": 0.206330699,
        "MOUZ": 0.33771872,
        "Spirit": 0.308171906,
        "G2": 1,
        "The Mongolz": 0.393389514,
        "Aurora": 0.426914166,
        "Natus Vincere": 0.513272813,
        "Liquid": 0.691120567,
        "Legacy": 0.746263184,
        "Virtus.pro": 0.654498838,
        "paiN": 0.865402394,
        "3DMAX": 0.680490985,
        "FURIA": 0.661110287,
        "FaZe": 0.597120583,
        "Nemiga": 0.814239118,
        "Lynn Vision": 0.739431827
    },
    "The Mongolz": {
        "Vitality": 0.254783007,
        "MOUZ": 0.385968523,
        "Spirit": 0.360305189,
        "G2": 0.581232079,
        "The Mongolz": 1,
        "Aurora": 0.486843702,
        "Natus Vincere": 0.628429312,
        "Liquid": 0.742569272,
        "Legacy": 0.780514397,
        "Virtus.pro": 0.726951865,
        "paiN": 0.892666377,
        "3DMAX": 0.737572182,
        "FURIA": 0.702063047,
        "FaZe": 0.668570535,
        "Nemiga": 0.841166309,
        "Lynn Vision": 0.790899663
    },
    "Aurora": {
        "Vitality": 0.270493221,
        "MOUZ": 0.393596266,
        "Spirit": 0.40373886,
        "G2": 0.573085834,
        "The Mongolz": 0.513156298,
        "Aurora": 1,
        "Natus Vincere": 0.680440251,
        "Liquid": 0.803825298,
        "Legacy": 0.788016734,
        "Virtus.pro": 0.776988678,
        "paiN": 0.916503303,
        "3DMAX": 0.845995721,
        "FURIA": 0.749813386,
        "FaZe": 0.697326973,
        "Nemiga": 0.834516125,
        "Lynn Vision": 0.80481515
    },
    "Natus Vincere": {
        "Vitality": 0.165801081,
        "MOUZ": 0.320767261,
        "Spirit": 0.249057863,
        "G2": 0.434127925,
        "The Mongolz": 0.336820361,
        "Aurora": 0.319559749,
        "Natus Vincere": 1,
        "Liquid": 0.499880558,
        "Legacy": 0.662169933,
        "Virtus.pro": 0.58445981,
        "paiN": 0.875760936,
        "3DMAX": 0.597245765,
        "FURIA": 0.591103439,
        "FaZe": 0.491335784,
        "Nemiga": 0.733306151,
        "Lynn Vision": 0.634075346
    },
    "Liquid": {
        "Vitality": 0.06296423,
        "MOUZ": 0.180608601,
        "Spirit": 0.15960785,
        "G2": 0.249091632,
        "The Mongolz": 0.182556641,
        "Aurora": 0.196174702,
        "Natus Vincere": 0.224029109,
        "Liquid": 1,
        "Legacy": 0.533165997,
        "Virtus.pro": 0.377615698,
        "paiN": 0.649546688,
        "3DMAX": 0.423598102,
        "FURIA": 0.471026556,
        "FaZe": 0.336663213,
        "Nemiga": 0.593489668,
        "Lynn Vision": 0.610029688
    },
    "Legacy": {
        "Vitality": 0.116417995,
        "MOUZ": 0.170899335,
        "Spirit": 0.172995197,
        "G2": 0.245134244,
        "The Mongolz": 0.21221473,
        "Aurora": 0.211983266,
        "Natus Vincere": 0.262446898,
        "Liquid": 0.314233216,
        "Legacy": 1,
        "Virtus.pro": 0.378562871,
        "paiN": 0.636582175,
        "3DMAX": 0.386725713,
        "FURIA": 0.399201034,
        "FaZe": 0.309820924,
        "Nemiga": 0.614418282,
        "Lynn Vision": 0.503200762
    },
    "Virtus.pro": {
        "Vitality": 0.131442972,
        "MOUZ": 0.1669306,
        "Spirit": 0.197270186,
        "G2": 0.345501162,
        "The Mongolz": 0.273048135,
        "Aurora": 0.223011322,
        "Natus Vincere": 0.383906669,
        "Liquid": 0.53789337,
        "Legacy": 0.621437129,
        "Virtus.pro": 1,
        "paiN": 0.786741466,
        "3DMAX": 0.554182845,
        "FURIA": 0.508499326,
        "FaZe": 0.450735612,
        "Nemiga": 0.711339242,
        "Lynn Vision": 0.594412998
    },
    "paiN": {
        "Vitality": 0.042680799,
        "MOUZ": 0.052838774,
        "Spirit": 0.066680504,
        "G2": 0.097310226,
        "The Mongolz": 0.081829658,
        "Aurora": 0.083496697,
        "Natus Vincere": 0.10577432,
        "Liquid": 0.32125763,
        "Legacy": 0.316754916,
        "Virtus.pro": 0.213258534,
        "paiN": 1,
        "3DMAX": 0.253532961,
        "FURIA": 0.280332258,
        "FaZe": 0.187293719,
        "Nemiga": 0.447429098,
        "Lynn Vision": 0.439815059
    },
    "3DMAX": {
        "Vitality": 0.126756965,
        "MOUZ": 0.088231583,
        "Spirit": 0.143706675,
        "G2": 0.305813098,
        "The Mongolz": 0.162498806,
        "Aurora": 0.154004279,
        "Natus Vincere": 0.29853694,
        "Liquid": 0.470857888,
        "Legacy": 0.473591129,
        "Virtus.pro": 0.445817155,
        "paiN": 0.71335253,
        "3DMAX": 1,
        "FURIA": 0.491460362,
        "FaZe": 0.282311518,
        "Nemiga": 0.685275874,
        "Lynn Vision": 0.524658144
    },
    "FURIA": {
        "Vitality": 0.123490701,
        "MOUZ": 0.185932236,
        "Spirit": 0.194989712,
        "G2": 0.338889713,
        "The Mongolz": 0.297936953,
        "Aurora": 0.250186614,
        "Natus Vincere": 0.408896561,
        "Liquid": 0.528973444,
        "Legacy": 0.600798966,
        "Virtus.pro": 0.491500674,
        "paiN": 0.680628807,
        "3DMAX": 0.508539638,
        "FURIA": 1,
        "FaZe": 0.435434664,
        "Nemiga": 0.697815218,
        "Lynn Vision": 0.65899596
    },
    "FaZe": {
        "Vitality": 0.151619667,
        "MOUZ": 0.220497664,
        "Spirit": 0.226657591,
        "G2": 0.402879417,
        "The Mongolz": 0.331429465,
        "Aurora": 0.302673027,
        "Natus Vincere": 0.508664216,
        "Liquid": 0.663336787,
        "Legacy": 0.690179076,
        "Virtus.pro": 0.549264388,
        "paiN": 0.812706281,
        "3DMAX": 0.717688482,
        "FURIA": 0.564565336,
        "FaZe": 1,
        "Nemiga": 0.748641565,
        "Lynn Vision": 0.691333288
    },
    "Nemiga": {
        "Vitality": 0.102099244,
        "MOUZ": 0.18465083,
        "Spirit": 0.125014564,
        "G2": 0.185760882,
        "The Mongolz": 0.158833691,
        "Aurora": 0.165483875,
        "Natus Vincere": 0.257723267,
        "Liquid": 0.326057526,
        "Legacy": 0.385581718,
        "Virtus.pro": 0.278286865,
        "paiN": 0.552570902,
        "3DMAX": 0.314724126,
        "FURIA": 0.302184782,
        "FaZe": 0.251358435,
        "Nemiga": 1,