{
    "HEROIC": {
        "Complexity": 0.648,
        "TYLOO": 0.648,
        "B8": 0.71825,
        "FlyQuest": 0.648,
        "Lynn Vision": 0.896,
        "BetBoom": 0.71825,
        "Wildcard": 0.784,
        "Chinggis Warriors": 0.972,
        "OG": 0.784,
        "NRG": 0.896,
        "Imperial": 0.84375,
        "Fluxo": 0.896,
        "Legacy": 0.84375,
        "Nemiga": 0.784,
        "Metizport": 0.84375
    },

    "Complexity": {
        "HEROIC": 0.352,
        "TYLOO": 0.352,
        "B8": 0.5,
        "FlyQuest": 0.57475,
        "Lynn Vision": 0.784,
        "BetBoom": 0.42525,
        "Wildcard": 0.42525,
        "Chinggis Warriors": 0.972,
        "OG": 0.57475,
        "NRG": 0.71825,
        "Imperial": 0.648,
        "Fluxo": 0.784,
        "Legacy": 0.57475,
        "Nemiga": 0.5,
        "Metizport": 0.648
    },

    "TYLOO": {
        "HEROIC": 0.352,
        "Complexity": 0.648,
        "B8": 0.28175,
        "FlyQuest": 0.648,
        "Lynn Vision": 0.648,
        "BetBoom": 0.28175,
        "Wildcard": 0.57475,
        "Chinggis Warriors": 0.93925,
        "OG": 0.648,
        "NRG": 0.71825,
        "Imperial": 0.71825,
        "Fluxo": 0.784,
        "Legacy": 0.648,
        "Nemiga": 0.648,
        "Metizport": 0.71825
    },

    "B8": {
        "HEROIC": 0.28175,
        "Complexity": 0.5,
        "TYLOO": 0.71825,
        "FlyQuest": 0.71825,
        "Lynn Vision": 0.784,
        "BetBoom": 0.648,
        "Wildcard": 0.71825,
        "Chinggis Warriors": 0.972,
        "OG": 0.784,
        "NRG": 0.648,
        "Imperial": 0.71825,
        "Fluxo": 0.84375,
        "Legacy": 0.784,
        "Nemiga": 0.71825,
        "Metizport": 0.784
    },

    "FlyQuest": {
        "HEROIC": 0.352,
        "Complexity": 0.42525,
        "TYLOO": 0.352,
        "B8": 0.28175,
        "Lynn Vision": 0.71825,
        "BetBoom": 0.28175,
        "Wildcard": 0.57475,
        "Chinggis Warriors": 0.93925,
        "OG": 0.648,
        "NRG": 0.71825,
        "Imperial": 0.71825,
        "Fluxo": 0.784,
        "Legacy": 0.648,
        "Nemiga": 0.57475,
        "Metizport": 0.648
    },

    "Lynn Vision": {
        "HEROIC": 0.104,
        "Complexity": 0.216,
        "TYLOO": 0.352,
        "B8": 0.216,
        "FlyQuest": 0.28175,
        "BetBoom": 0.15625,
        "Wildcard": 0.28175,
        "Chinggis Warriors": 0.84375,
        "OG": 0.352,
        "NRG": 0.5,
        "Imperial": 0.28175,
        "Fluxo": 0.5,
        "Legacy": 0.352,
        "Nemiga": 0.28175,
        "Metizport": 0.352
    },

    "BetBoom": {
        "HEROIC": 0.28175,
        "Complexity": 0.57475,
        "TYLOO": 0.71825,
        "B8": 0.352,
        "FlyQuest": 0.71825,
        "Lynn Vision": 0.84375,
        "Wildcard": 0.784,
        "Chinggis Warriors": 0.972,
        "OG": 0.784,
        "NRG": 0.84375,
        "Imperial": 0.784,
        "Fluxo": 0.84375,
        "Legacy": 0.784,
        "Nemiga": 0.784,
        "Metizport": 0.84375
    },

    "Wildcard": {
        "HEROIC": 0.216,
        "Complexity": 0.57475,
        "TYLOO": 0.42525,
        "B8": 0.28175,
        "FlyQuest": 0.42525,
        "Lynn Vision": 0.71825,
        "BetBoom": 0.216,
        "Chinggis Warriors": 0.896,
        "OG": 0.71825,
        "NRG": 0.84375,
        "Imperial": 0.648,
        "Fluxo": 0.84375,
        "Legacy": 0.648,
        "Nemiga": 0.648,
        "Metizport": 0.648
    },

    "Chinggis Warriors": {
        "HEROIC": 0.028,
        "Complexity": 0.028,
        "TYLOO": 0.06075,
        "B8": 0.028,
        "FlyQuest": 0.06075,
        "Lynn Vision": 0.15625,
        "BetBoom": 0.028,
        "Wildcard": 0.104,
        "OG": 0.104,
        "NRG": 0.216,
        "Imperial": 0.104,
        "Fluxo": 0.15625,
        "Legacy": 0.104,
        "Nemiga": 0.104,
        "Metizport": 0.104
    },

    "OG": {
        "HEROIC": 0.216,
        "Complexity": 0.42525,
        "TYLOO": 0.352,
        "B8": 0.216,
        "FlyQuest": 0.352,
        "Lynn Vision": 0.648,
        "BetBoom": 0.216,
        "Wildcard": 0.28175,
        "Chinggis Warriors": 0.896,
        "NRG": 0.71825,
        "Imperial": 0.648,
        "Fluxo": 0.648,
        "Legacy": 0.648,
        "Nemiga": 0.57475,
        "Metizport": 0.648
    },

    "NRG": {
        "HEROIC": 0.104,
        "Complexity": 0.28175,
        "TYLOO": 0.28175,
        "B8": 0.352,
        "FlyQuest": 0.28175,
        "Lynn Vision": 0.5,
        "BetBoom": 0.15625,
        "Wildcard": 0.15625,
        "Chinggis Warriors": 0.784,
        "OG": 0.28175,
        "Imperial": 0.352,
        "Fluxo": 0.5,
        "Legacy": 0.352,
        "Nemiga": 0.352,
        "Metizport": 0.352
    },

    "Imperial": {
        "HEROIC": 0.15625,
        "Complexity": 0.352,
        "TYLOO": 0.28175,
        "B8": 0.28175,
        "FlyQuest": 0.28175,
        "Lynn Vision": 0.71825,
        "BetBoom": 0.216,
        "Wildcard": 0.352,
        "Chinggis Warriors": 0.896,
        "OG": 0.352,
        "NRG": 0.648,
        "Fluxo": 0.57475,
        "Legacy": 0.352,
        "Nemiga": 0.42525,
        "Metizport": 0.42525
    },

    "Fluxo": {
        "HEROIC": 0.104,
        "Complexity": 0.216,
        "TYLOO": 0.216,
        "B8": 0.15625,
        "FlyQuest": 0.216,
        "Lynn Vision": 0.5,
        "BetBoom": 0.15625,
        "Wildcard": 0.15625,
        "Chinggis Warriors": 0.84375,
        "OG": 0.352,
        "NRG": 0.5,
        "Imperial": 0.42525,
        "Legacy": 0.28175,
        "Nemiga": 0.28175,
        "Metizport": 0.352
    },

    "Legacy": {
        "HEROIC": 0.15625,
        "Complexity": 0.42525,
        "TYLOO": 0.352,
        "B8": 0.216,
        "FlyQuest": 0.352,
        "Lynn Vision": 0.648,
        "BetBoom": 0.216,
        "Wildcard": 0.352,
        "Chinggis Warriors": 0.896,
        "OG": 0.352,
        "NRG": 0.648,
        "Imperial": 0.648,
        "Fluxo": 0.71825,
        "Nemiga": 0.5,
        "Metizport": 0.5
    },

    "Nemiga": {
        "HEROIC": 0.216,
        "Complexity": 0.5,
        "TYLOO": 0.352,
        "B8": 0.28175,
        "FlyQuest": 0.42525,
        "Lynn Vision": 0.71825,
        "BetBoom": 0.216,
        "Wildcard": 0.352,
        "Chinggis Warriors": 0.896,
        "OG": 0.42525,
        "NRG": 0.648,
        "Imperial": 0.57475,
        "Fluxo": 0.71825,
        "Legacy": 0.5,
        "Metizport": 0.5
    },

    "Metizport": {
        "HEROIC": 0.15625,
        "Complexity": 0.352,
        "TYLOO": 0.28175,
        "B8": 0.216,
        "FlyQuest": 0.352,
        "Lynn Vision": 0.648,
        "BetBoom": 0.15625,
        "Wildcard": 0.352,
        "Chinggis Warriors": 0.896,
        "OG": 0.352,
        "NRG": 0.648,
        "Imperial": 0.57475,
        "Fluxo": 0.648,
        "Legacy": 0.5,
        "Nemiga": 0.5
    }
}