{
    "Falcons": {
        "Falcons": 1,
        "FaZe": 0.84375,
        "3DMAX": 0.93925,
        "Virtus.pro": 0.896,
        "paiN": 0.93925,
        "FURIA": 0.84375,
        "MIBR": 0.896,
        "M80": 0.896,
        "B8": 0.896,
        "HEROIC": 0.784,
        "BetBoom": 0.93925,
        "OG": 0.896,
        "Nemiga": 0.93925,
        "Lynn Vision": 0.896,
        "Legacy": 0.896,
        "TYLOO": 0.896
    },
    "FaZe": {
        "Falcons": 0.15625,
        "FaZe": 1,
        "3DMAX": 0.71825,
        "Virtus.pro": 0.57475,
        "paiN": 0.896,
        "FURIA": 0.57475,
        "MIBR": 0.71825,
        "M80": 0.784,
        "B8": 0.71825,
        "HEROIC": 0.352,
        "BetBoom": 0.71825,
        "OG": 0.71825,
        "Nemiga": 0.84375,
        "Lynn Vision": 0.784,
        "Legacy": 0.784,
        "TYLOO": 0.71825
    },
    "3DMAX": {
        "Falcons": 0.06075,
        "FaZe": 0.28175,
        "3DMAX": 1,
        "Virtus.pro": 0.42525,
        "paiN": 0.84375,
        "FURIA": 0.5,
        "MIBR": 0.57475,
        "M80": 0.5,
        "B8": 0.42525,
        "HEROIC": 0.216,
        "BetBoom": 0.71825,
        "OG": 0.648,
        "Nemiga": 0.784,
        "Lynn Vision": 0.648,
        "Legacy": 0.71825,
        "TYLOO": 0.648
    },
    "Virtus.pro": {
        "Falcons": 0.104,
        "FaZe": 0.42525,
        "3DMAX": 0.57475,
        "Virtus.pro": 1,
        "paiN": 0.896,
        "FURIA": 0.57475,
        "MIBR": 0.57475,
        "M80": 0.784,
        "B8": 0.648,
        "HEROIC": 0.28175,
        "BetBoom": 0.352,
        "OG": 0.784,
        "Nemiga": 0.784,
        "Lynn Vision": 0.71825,
        "Legacy": 0.71825,
        "TYLOO": 0.71825
    },
    "paiN": {
        "Falcons": 0.06075,
        "FaZe": 0.104,
        "3DMAX": 0.15625,
        "Virtus.pro": 0.104,
        "paiN": 1,
        "FURIA": 0.104,
        "MIBR": 0.104,
        "M80": 0.15625,
        "B8": 0.15625,
        "HEROIC": 0.104,
        "BetBoom": 0.15625,
        "OG": 0.216,
        "Nemiga": 0.216,
        "Lynn Vision": 0.15625,
        "Legacy": 0.15625,
        "TYLOO": 0.15625
    },
    "FURIA": {
        "Falcons": 0.15625,
        "FaZe": 0.42525,
        "3DMAX": 0.5,
        "Virtus.pro": 0.42525,
        "paiN": 0.896,
        "FURIA": 1,
        "MIBR": 0.71825,
        "M80": 0.71825,
        "B8": 0.648,
        "HEROIC": 0.28175,
        "BetBoom": 0.648,
        "OG": 0.648,
        "Nemiga": 0.784,
        "Lynn Vision": 0.71825,
        "Legacy": 0.71825,
        "TYLOO": 0.71825
    },
    "MIBR": {
        "Falcons": 0.104,
        "FaZe": 0.28175,
        "3DMAX": 0.42525,
        "Virtus.pro": 0.42525,
        "paiN": 0.896,
        "FURIA": 0.28175,
        "MIBR": 1,
        "M80": 0.57475,
        "B8": 0.5,
        "HEROIC": 0.216,
        "BetBoom": 0.57475,
        "OG": 0.57475,
        "Nemiga": 0.784,
        "Lynn Vision": 0.648,
        "Legacy": 0.5,
        "TYLOO": 0.5
    },
    "M80": {
        "Falcons": 0.104,
        "FaZe": 0.216,
        "3DMAX": 0.5,
        "Virtus.pro": 0.216,
        "paiN": 0.84375,
        "FURIA": 0.28175,
        "MIBR": 0.42525,
        "M80": 1,
        "B8": 0.28175,
        "HEROIC": 0.15625,
        "BetBoom": 0.57475,
        "OG": 0.71825,
        "Nemiga": 0.648,
        "Lynn Vision": 0.42525,
        "Legacy": 0.42525,
        "TYLOO": 0.352
    },
    "B8": {
        "Falcons": 0.104,
        "FaZe": 0.28175,
        "3DMAX": 0.57475,
        "Virtus.pro": 0.352,
        "paiN": 0.84375,
        "FURIA": 0.352,
        "MIBR": 0.5,
        "M80": 0.71825,
        "B8": 1,
        "HEROIC": 0.216,
        "BetBoom": 0.71825,
        "OG": 0.784,
        "Nemiga": 0.71825,
        "Lynn Vision": 0.648,
        "Legacy": 0.648,
        "TYLOO": 0.57475
    },
    "HEROIC": {
        "Falcons": 0.216,
        "FaZe": 0.648,
        "3DMAX": 0.784,
        "Virtus.pro": 0.71825,
        "paiN": 0.896,
        "FURIA": 0.71825,
        "MIBR": 0.784,
        "M80": 0.84375,
        "B8": 0.784,
        "HEROIC": 1,
        "BetBoom": 0.84375,
        "OG": 0.84375,
        "Nemiga": 0.93925,
        "Lynn Vision": 0.784,
        "Legacy": 0.784,
        "TYLOO": 0.784
    },
    "BetBoom": {
        "Falcons": 0.06075,
        "FaZe": 0.28175,
        "3DMAX": 0.28175,
        "Virtus.pro": 0.648,
        "paiN": 0.84375,
        "FURIA": 0.352,
        "MIBR": 0.42525,
        "M80": 0.42525,
        "B8": 0.28175,
        "HEROIC": 0.15625,
        "BetBoom": 1,
        "OG": 0.57475,
        "Nemiga": 0.648,
        "Lynn Vision": 0.5,
        "Legacy": 0.42525,
        "TYLOO": 0.42525
    },
    "OG": {
        "Falcons": 0.104,
        "FaZe": 0.28175,
        "3DMAX": 0.352,
        "Virtus.pro": 0.216,
        "paiN": 0.784,
        "FURIA": 0.352,
        "MIBR": 0.42525,
        "M80": 0.28175,
        "B8": 0.216,
        "HEROIC": 0.15625,
        "BetBoom": 0.42525,
        "OG": 1,
        "Nemiga": 0.648,
        "Lynn Vision": 0.352,
        "Legacy": 0.352,
        "TYLOO": 0.352
    },
    "Nemiga": {
        "Falcons": 0.06075,
        "FaZe": 0.15625,
        "3DMAX": 0.216,
        "Virtus.pro": 0.216,
        "paiN": 0.784,
        "FURIA": 0.216,
        "MIBR": 0.216,
        "M80": 0.352,
        "B8": 0.28175,
        "HEROIC": 0.06075,
        "BetBoom": 0.352,
        "OG": 0.352,
        "Nemiga": 1,
        "Lynn Vision": 0.28175,
        "Legacy": 0.28175,
        "TYLOO": 0.28175
    },
    "Lynn Vision": {
        "Falcons": 0.104,
        "FaZe": 0.216,
        "3DMAX": 0.352,
        "Virtus.pro": 0.28175,
        "paiN": 0.84375,
        "FURIA": 0.28175,
        "MIBR": 0.352,
        "M80": 0.57475,
        "B8": 0.352,
        "HEROIC": 0.216,
        "BetBoom": 0.5,
        "OG": 0.648,
        "Nemiga": 0.71825,
        "Lynn Vision": 1,
        "Legacy": 0.57475,
        "TYLOO": 0.352
    },
    "Legacy": {
        "Falcons": 0.104,
        "FaZe": 0.216,
        "3DMAX": 0.28175,
        "Virtus.pro": 0.28175,
        "paiN": 0.84375,
        "FURIA": 0.28175,
        "MIBR": 0.5,
        "M80": 0.57475,
        "B8": 0.352,
        "HEROIC": 0.216,
        "BetBoom": 0.57475,
        "OG": 0.648,
        "Nemiga": 0.71825,
        "Lynn Vision": 0.42525,
        "Legacy": 1,
        "TYLOO": 0.42525
    },
    "TYLOO": {
        "Falcons": 0.104,
        "FaZe": 0.28175,
        "3DMAX": 0.352,
        "Virtus.pro": 0.28175,
        "paiN": 0.84375,
        "FURIA": 0.28175,
        "MIBR": 0.5,
        "M80": 0.648,
        "B8": 0.42525,
        "HEROIC": 0.216,
        "BetBoom": 0.57475,
        "OG": 0.648,
        "Nemiga": 0.71825,
        "Lynn Vision": 0.648,
        "Legacy": 0.57475,
        "TYLOO": 1
    }
}