{
    "Vitality": {
        "Vitality": 1,
        "MOUZ": 0.784,
        "Spirit": 0.84375,
        "G2": 0.93925,
        "The Mongolz": 0.784,
        "Aurora": 0.784,
        "Natus Vincere": 0.84375,
        "Liquid": 0.84375,
        "Legacy": 0.93925,
        "Virtus.pro": 0.896,
        "paiN": 0.93925,
        "3DMAX": 0.896,
        "FURIA": 0.896,
        "FaZe": 0.896,
        "Nemiga": 0.93925,
        "Lynn Vision": 0.93925
    },
    "MOUZ": {
        "Vitality": 0.216,
        "MOUZ": 1,
        "Spirit": 0.648,
        "G2": 0.84375,
        "The Mongolz": 0.648,
        "Aurora": 0.71825,
        "Natus Vincere": 0.71825,
        "Liquid": 0.71825,
        "Legacy": 0.896,
        "Virtus.pro": 0.784,
        "paiN": 0.896,
        "3DMAX": 0.784,
        "FURIA": 0.784,
        "FaZe": 0.784,
        "Nemiga": 0.896,
        "Lynn Vision": 0.896
    },
    "Spirit": {
        "Vitality": 0.15625,
        "MOUZ": 0.352,
        "Spirit": 1,
        "G2": 0.84375,
        "The Mongolz": 0.352,
        "Aurora": 0.57475,
        "Natus Vincere": 0.784,
        "Liquid": 0.784,
        "Legacy": 0.84375,
        "Virtus.pro": 0.784,
        "paiN": 0.84375,
        "3DMAX": 0.84375,
        "FURIA": 0.784,
        "FaZe": 0.648,
        "Nemiga": 0.896,
        "Lynn Vision": 0.896
    },
    "G2": {
        "Vitality": 0.06075,
        "MOUZ": 0.15625,
        "Spirit": 0.15625,
        "G2": 1,
        "The Mongolz": 0.216,
        "Aurora": 0.28175,
        "Natus Vincere": 0.42525,
        "Liquid": 0.42525,
        "Legacy": 0.648,
        "Virtus.pro": 0.5,
        "paiN": 0.71825,
        "3DMAX": 0.648,
        "FURIA": 0.5,
        "FaZe": 0.42525,
        "Nemiga": 0.784,
        "Lynn Vision": 0.71825
    },
    "The Mongolz": {
        "Vitality": 0.216,
        "MOUZ": 0.352,
        "Spirit": 0.648,
        "G2": 0.784,
        "The Mongolz": 1,
        "Aurora": 0.5,
        "Natus Vincere": 0.648,
        "Liquid": 0.71825,
        "Legacy": 0.84375,
        "Virtus.pro": 0.784,
        "paiN": 0.896,
        "3DMAX": 0.784,
        "FURIA": 0.71825,
        "FaZe": 0.648,
        "Nemiga": 0.896,
        "Lynn Vision": 0.784
    },
    "Aurora": {
        "Vitality": 0.216,
        "MOUZ": 0.28175,
        "Spirit": 0.42525,
        "G2": 0.71825,
        "The Mongolz": 0.5,
        "Aurora": 1,
        "Natus Vincere": 0.71825,
        "Liquid": 0.784,
        "Legacy": 0.784,
        "Virtus.pro": 0.784,
        "paiN": 0.896,
        "3DMAX": 0.84375,
        "FURIA": 0.71825,
        "FaZe": 0.71825,
        "Nemiga": 0.896,
        "Lynn Vision": 0.84375
    },
    "Natus Vincere": {
        "Vitality": 0.15625,
        "MOUZ": 0.28175,
        "Spirit": 0.216,
        "G2": 0.57475,
        "The Mongolz": 0.352,
        "Aurora": 0.28175,
        "Natus Vincere": 1,
        "Liquid": 0.5,
        "Legacy": 0.71825,
        "Virtus.pro": 0.57475,
        "paiN": 0.84375,
        "3DMAX": 0.648,
        "FURIA": 0.42525,
        "FaZe": 0.42525,
        "Nemiga": 0.84375,
        "Lynn Vision": 0.784
    },
    "Liquid": {
        "Vitality": 0.15625,
        "MOUZ": 0.28175,
        "Spirit": 0.216,
        "G2": 0.57475,
        "The Mongolz": 0.28175,
        "Aurora": 0.216,
        "Natus Vincere": 0.5,
        "Liquid": 1,
        "Legacy": 0.71825,
        "Virtus.pro": 0.42525,
        "paiN": 0.71825,
        "3DMAX": 0.42525,
        "FURIA": 0.42525,
        "FaZe": 0.28175,
        "Nemiga": 0.648,
        "Lynn Vision": 0.648
    },
    "Legacy": {
        "Vitality": 0.06075,
        "MOUZ": 0.104,
        "Spirit": 0.15625,
        "G2": 0.352,
        "The Mongolz": 0.15625,
        "Aurora": 0.216,
        "Natus Vincere": 0.28175,
        "Liquid": 0.28175,
        "Legacy": 1,
        "Virtus.pro": 0.352,
        "paiN": 0.71825,
        "3DMAX": 0.352,
        "FURIA": 0.42525,
        "FaZe": 0.28175,
        "Nemiga": 0.71825,
        "Lynn Vision": 0.57475
    },
    "Virtus.pro": {
        "Vitality": 0.104,
        "MOUZ": 0.216,
        "Spirit": 0.216,
        "G2": 0.5,
        "The Mongolz": 0.216,
        "Aurora": 0.216,
        "Natus Vincere": 0.42525,
        "Liquid": 0.57475,
        "Legacy": 0.648,
        "Virtus.pro": 1,
        "paiN": 0.84375,
        "3DMAX": 0.57475,
        "FURIA": 0.5,
        "FaZe": 0.42525,
        "Nemiga": 0.784,
        "Lynn Vision": 0.784
    },
    "paiN": {
        "Vitality": 0.06075,
        "MOUZ": 0.104,
        "Spirit": 0.15625,
        "G2": 0.28175,
        "The Mongolz": 0.104,
        "Aurora": 0.104,
        "Natus Vincere": 0.15625,
        "Liquid": 0.28175,
        "Legacy": 0.28175,
        "Virtus.pro": 0.15625,
        "paiN": 1,
        "3DMAX": 0.352,
        "FURIA": 0.42525,
        "FaZe": 0.28175,
        "Nemiga": 0.42525,
        "Lynn Vision": 0.42525
    },
    "3DMAX": {
        "Vitality": 0.104,
        "MOUZ": 0.216,
        "Spirit": 0.15625,
        "G2": 0.352,
        "The Mongolz": 0.216,
        "Aurora": 0.15625,
        "Natus Vincere": 0.352,
        "Liquid": 0.57475,
        "Legacy": 0.648,
        "Virtus.pro": 0.42525,
        "paiN": 0.648,
        "3DMAX": 1,
        "FURIA": 0.5,
        "FaZe": 0.216,
        "Nemiga": 0.71825,
        "Lynn Vision": 0.71825
    },
    "FURIA": {
        "Vitality": 0.104,
        "MOUZ": 0.216,
        "Spirit": 0.216,
        "G2": 0.5,
        "The Mongolz": 0.28175,
        "Aurora": 0.28175,
        "Natus Vincere": 0.57475,
        "Liquid": 0.57475,
        "Legacy": 0.57475,
        "Virtus.pro": 0.5,
        "paiN": 0.57475,
        "3DMAX": 0.5,
        "FURIA": 1,
        "FaZe": 0.352,
        "Nemiga": 0.71825,
        "Lynn Vision": 0.648
    },
    "FaZe": {
        "Vitality": 0.104,
        "MOUZ": 0.216,
        "Spirit": 0.352,
        "G2": 0.57475,
        "The Mongolz": 0.352,
        "Aurora": 0.28175,
        "Natus Vincere": 0.57475,
        "Liquid": 0.71825,
        "Legacy": 0.71825,
        "Virtus.pro": 0.57475,
        "paiN": 0.71825,
        "3DMAX": 0.784,
        "FURIA": 0.648,
        "FaZe": 1,
        "Nemiga": 0.84375,
        "Lynn Vision": 0.784
    },
    "Nemiga": {
        "Vitality": 0.06075,
        "MOUZ": 0.104,
        "Spirit": 0.104,
        "G2": 0.216,
        "The Mongolz": 0.104,
        "Aurora": 0.104,
        "Natus Vincere": 0.15625,
        "Liquid": 0.352,
        "Legacy": 0.28175,
        "Virtus.pro": 0.216,
        "paiN": 0.57475,
        "3DMAX": 0.28175,
        "FURIA": 0.28175,
        "FaZe": 0.15625,
        "Nemiga": 1,
        "Lynn Vision": 0.42525
    },
    "Lynn Vision": {
        "Vitality": 0.06075,
        "MOUZ": 0.104,
        "Spirit": 0.104,
        "G2": 0.28175,
        "The Mongolz": 0.216,
        "Aurora": 0.15625,
        "Natus Vincere": 0.216,
        "Liquid": 0.352,
        "Legacy": 0.42525,
        "Virtus.pro": 0.216,
        "paiN": 0.57475,
        "3DMAX": 0.28175,
        "FURIA": 0.352,
        "FaZe": 0.216,
        "Nemiga": 0.57475,
        "Lynn Vision": 1
    }
}