{
    "Vitality": {
        "Vitality": 1,
        "MOUZ": 0.642414786,
        "Spirit": 0.625365468,
        "G2": 0.775660898,
        "The Mongolz": 0.707037952,
        "Aurora": 0.701644394,
        "Natus Vincere": 0.789892339,
        "Liquid": 0.871873435,
        "Legacy": 0.872383485,
        "Virtus.pro": 0.850646173,
        "paiN": 0.938299419,
        "3DMAX": 0.880000256,
        "FURIA": 0.849947085,
        "FaZe": 0.830846031,
        "Nemiga": 0.894844909,
        "Lynn Vision": 0.888488034
    },
    "MOUZ": {
        "Vitality": 0.357585214,
        "MOUZ": 1,
        "Spirit": 0.516183432,
        "G2": 0.663655238,
        "The Mongolz": 0.580010626,
        "Aurora": 0.579878521,
        "Natus Vincere": 0.671754775,
        "Liquid": 0.786641795,
        "Legacy": 0.813627885,
        "Virtus.pro": 0.774435703,
        "paiN": 0.888227348,
        "3DMAX": 0.839839877,
        "FURIA": 0.781461549,
        "FaZe": 0.729785041,
        "Nemiga": 0.834082556,
        "Lynn Vision": 0.827757785
    },
    "Spirit": {
        "Vitality": 0.374634532,
        "MOUZ": 0.483816568,
        "Spirit": 1,
        "G2": 0.671295727,
        "The Mongolz": 0.579540796,
        "Aurora": 0.576146597,
        "Natus Vincere": 0.690036292,
        "Liquid": 0.771637007,
        "Legacy": 0.824055745,
        "Virtus.pro": 0.780780995,
        "paiN": 0.902488524,
        "3DMAX": 0.827343095,
        "FURIA": 0.779124541,
        "FaZe": 0.736861071,
        "Nemiga": 0.855484463,
        "Lynn Vision": 0.825228443
    },
    "G2": {
        "Vitality": 0.224339102,
        "MOUZ": 0.336344762,
        "Spirit": 0.328704273,
        "G2": 1,
        "The Mongolz": 0.399745431,
        "Aurora": 0.402279288,
        "Natus Vincere": 0.49905901,
        "Liquid": 0.629973226,
        "Legacy": 0.7151763,
        "Virtus.pro": 0.625678619,
        "paiN": 0.809512717,
        "3DMAX": 0.649095865,
        "FURIA": 0.640843586,
        "FaZe": 0.560382778,
        "Nemiga": 0.783089324,
        "Lynn Vision": 0.730531652
    },
    "The Mongolz": {
        "Vitality": 0.292962048,
        "MOUZ": 0.419989374,
        "Spirit": 0.420459204,
        "G2": 0.592235512,
        "The Mongolz": 1,
        "Aurora": 0.496057404,
        "Natus Vincere": 0.590574281,
        "Liquid": 0.715061938,
        "Legacy": 0.772567021,
        "Virtus.pro": 0.712819737,
        "paiN": 0.863150881,
        "3DMAX": 0.731674079,
        "FURIA": 0.72033304,
        "FaZe": 0.649661881,
        "Nemiga": 0.826439415,
        "Lynn Vision": 0.788432419
    },
    "Aurora": {
        "Vitality": 0.298355606,
        "MOUZ": 0.420121479,
        "Spirit": 0.423853403,
        "G2": 0.597720712,
        "The Mongolz": 0.503942596,
        "Aurora": 1,
        "Natus Vincere": 0.619090028,
        "Liquid": 0.726685421,
        "Legacy": 0.791460564,
        "Virtus.pro": 0.716751576,
        "paiN": 0.871351173,
        "3DMAX": 0.783017413,
        "FURIA": 0.730832785,
        "FaZe": 0.669848255,
        "Nemiga": 0.826887339,
        "Lynn Vision": 0.796862611
    },
    "Natus Vincere": {
        "Vitality": 0.210107661,
        "MOUZ": 0.328245225,
        "Spirit": 0.309963708,
        "G2": 0.463836617,
        "The Mongolz": 0.376841715,
        "Aurora": 0.380909972,
        "Natus Vincere": 1,
        "Liquid": 0.552533172,
        "Legacy": 0.690667181,
        "Virtus.pro": 0.584403649,
        "paiN": 0.806267965,
        "3DMAX": 0.609773438,
        "FURIA": 0.616497705,
        "FaZe": 0.538089522,
        "Nemiga": 0.7328703,
        "Lynn Vision": 0.702427613
    },
    "Liquid": {
        "Vitality": 0.128126565,
        "MOUZ": 0.213358205,
        "Spirit": 0.228362993,
        "G2": 0.347571884,
        "The Mongolz": 0.269327355,
        "Aurora": 0.273314579,
        "Natus Vincere": 0.324838947,
        "Liquid": 1,
        "Legacy": 0.611281467,
        "Virtus.pro": 0.471895759,
        "paiN": 0.672831658,
        "3DMAX": 0.497287528,
        "FURIA": 0.496599663,
        "FaZe": 0.42285948,
        "Nemiga": 0.664787149,
        "Lynn Vision": 0.631217209
    },
    "Legacy": {
        "Vitality": 0.127616515,
        "MOUZ": 0.186372115,
        "Spirit": 0.175944255,
        "G2": 0.265360627,
        "The Mongolz": 0.209605144,
        "Aurora": 0.208539436,
        "Natus Vincere": 0.273215893,
        "Liquid": 0.360385981,
        "Legacy": 1,
        "Virtus.pro": 0.364931534,
        "paiN": 0.57478945,
        "3DMAX": 0.395830292,
        "FURIA": 0.388522415,
        "FaZe": 0.316556313,
        "Nemiga": 0.577994446,
        "Lynn Vision": 0.517484827
    },
    "Virtus.pro": {
        "Vitality": 0.149353827,
        "MOUZ": 0.225564297,
        "Spirit": 0.219219005,
        "G2": 0.374321381,
        "The Mongolz": 0.287180263,
        "Aurora": 0.283248424,
        "Natus Vincere": 0.366913564,
        "Liquid": 0.501557283,
        "Legacy": 0.635068466,
        "Virtus.pro": 1,
        "paiN": 0.732399288,
        "3DMAX": 0.569850986,
        "FURIA": 0.515866064,
        "FaZe": 0.445329059,
        "Nemiga": 0.676919294,
        "Lynn Vision": 0.643127661
    },
    "paiN": {
        "Vitality": 0.060246359,
        "MOUZ": 0.09321433,
        "Spirit": 0.097511476,
        "G2": 0.166869239,
        "The Mongolz": 0.126508218,
        "Aurora": 0.128648827,
        "Natus Vincere": 0.161345686,
        "Liquid": 0.31692743,
        "Legacy": 0.410994449,
        "Virtus.pro": 0.267600712,
        "paiN": 1,
        "3DMAX": 0.315519956,
        "FURIA": 0.294027214,
        "FaZe": 0.236566461,
        "Nemiga": 0.490132309,
        "Lynn Vision": 0.454612251
    },
    "3DMAX": {
        "Vitality": 0.119999744,
        "MOUZ": 0.160160123,
        "Spirit": 0.172656905,
        "G2": 0.29569045,
        "The Mongolz": 0.216067606,
        "Aurora": 0.216982587,
        "Natus Vincere": 0.299938589,
        "Liquid": 0.413821779,
        "Legacy": 0.550891417,
        "Virtus.pro": 0.430149014,
        "paiN": 0.653670015,
        "3DMAX": 1,
        "FURIA": 0.463650455,
        "FaZe": 0.352673736,
        "Nemiga": 0.645744091,
        "Lynn Vision": 0.57314018
    },
    "FURIA": {
        "Vitality": 0.139050679,
        "MOUZ": 0.218538451,
        "Spirit": 0.220875459,
        "G2": 0.359156414,
        "The Mongolz": 0.27966696,
        "Aurora": 0.269167215,
        "Natus Vincere": 0.383502295,
        "Liquid": 0.503400337,
        "Legacy": 0.611477585,
        "Virtus.pro": 0.484133936,
        "paiN": 0.686752668,
        "3DMAX": 0.536349545,
        "FURIA": 1,
        "FaZe": 0.42075398,
        "Nemiga": 0.674738052,
        "Lynn Vision": 0.648608568
    },
    "FaZe": {
        "Vitality": 0.169153969,
        "MOUZ": 0.270214959,
        "Spirit": 0.263138929,
        "G2": 0.439617222,
        "The Mongolz": 0.350338119,
        "Aurora": 0.330151745,
        "Natus Vincere": 0.461910478,
        "Liquid": 0.57714052,
        "Legacy": 0.683443687,
        "Virtus.pro": 0.554670941,
        "paiN": 0.763433539,
        "3DMAX": 0.647326264,
        "FURIA": 0.57924602,
        "FaZe": 1,
        "Nemiga": 0.72634371,
        "Lynn Vision": 0.700824894
    },
    "Nemiga": {
        "Vitality": 0.105155091,
        "MOUZ": 0.165917444,
        "Spirit": 0.144515537,
        "G2": 0.216910676,
        "The Mongolz": 0.173560585,
        "Aurora": 0.173112661,
        "Natus Vincere": 0.232429887,
        "Liquid": 0.318167207,
        "Legacy": 0.422005554,
        "Virtus.pro": 0.306661345,
        "paiN": 0.509867691,
        "3DMAX": 0.354255909,
        "FURIA": 0.325261948,
        "FaZe": 0.27365629,
        "Nemiga": 1,