{
    "Vitality": {
        "Vitality": 1,
        "MOUZ": 0.637547342,
        "Spirit": 0.599785029,
        "G2": 0.707731715,
        "The Mongolz": 0.67003241,
        "Aurora": 0.658292905,
        "Natus Vincere": 0.741603108,
        "Liquid": 0.84712816,
        "Legacy": 0.787359951,
        "Virtus.pro": 0.772762501,
        "paiN": 0.872415859,
        "3DMAX": 0.777241431,
        "FURIA": 0.773333333,
        "FaZe": 0.754138817,
        "Nemiga": 0.801987376,
        "Lynn Vision": 0.80980057
    },
    "MOUZ": {
        "Vitality": 0.362452658,
        "MOUZ": 1,
        "Spirit": 0.507221412,
        "G2": 0.609960264,
        "The Mongolz": 0.576620745,
        "Aurora": 0.571421589,
        "Natus Vincere": 0.621903907,
        "Liquid": 0.728923555,
        "Legacy": 0.737193316,
        "Virtus.pro": 0.740621931,
        "paiN": 0.790731915,
        "3DMAX": 0.816975971,
        "FURIA": 0.724456144,
        "FaZe": 0.696442407,
        "Nemiga": 0.725527311,
        "Lynn Vision": 0.749038462
    },
    "Spirit": {
        "Vitality": 0.400214971,
        "MOUZ": 0.492778588,
        "Spirit": 1,
        "G2": 0.630874225,
        "The Mongolz": 0.594246038,
        "Aurora": 0.564532415,
        "Natus Vincere": 0.674362821,
        "Liquid": 0.747026983,
        "Legacy": 0.735394278,
        "Virtus.pro": 0.715087166,
        "paiN": 0.842404914,
        "3DMAX": 0.761323155,
        "FURIA": 0.716956399,
        "FaZe": 0.691607732,
        "Nemiga": 0.778923253,
        "Lynn Vision": 0.762590584
    },
    "G2": {
        "Vitality": 0.292268285,
        "MOUZ": 0.390039736,
        "Spirit": 0.369125775,
        "G2": 1,
        "The Mongolz": 0.4284377,
        "Aurora": 0.451120399,
        "Natus Vincere": 0.508849466,
        "Liquid": 0.630367991,
        "Legacy": 0.670821554,
        "Virtus.pro": 0.604521729,
        "paiN": 0.769782111,
        "3DMAX": 0.622796165,
        "FURIA": 0.609140236,
        "FaZe": 0.565115172,
        "Nemiga": 0.724599235,
        "Lynn Vision": 0.665685702
    },
    "The Mongolz": {
        "Vitality": 0.32996759,
        "MOUZ": 0.423379255,
        "Spirit": 0.405753962,
        "G2": 0.554369005,
        "The Mongolz": 1,
        "Aurora": 0.491228235,
        "Natus Vincere": 0.586481954,
        "Liquid": 0.668039483,
        "Legacy": 0.697240865,
        "Virtus.pro": 0.656402404,
        "paiN": 0.796549712,
        "3DMAX": 0.664294448,
        "FURIA": 0.638230372,
        "FaZe": 0.614375324,
        "Nemiga": 0.747710354,
        "Lynn Vision": 0.705505051
    },
    "Aurora": {
        "Vitality": 0.341707095,
        "MOUZ": 0.428578411,
        "Spirit": 0.435467585,
        "G2": 0.548879601,
        "The Mongolz": 0.508771765,
        "Aurora": 1,
        "Natus Vincere": 0.622760171,
        "Liquid": 0.715984174,
        "Legacy": 0.703197674,
        "Virtus.pro": 0.694464374,
        "paiN": 0.822314377,
        "3DMAX": 0.752001553,
        "FURIA": 0.673506721,
        "FaZe": 0.63481861,
        "Nemiga": 0.741879091,
        "Lynn Vision": 0.716796159
    },
    "Natus Vincere": {
        "Vitality": 0.258396892,
        "MOUZ": 0.378096093,
        "Spirit": 0.325637179,
        "G2": 0.455971484,
        "The Mongolz": 0.389410208,
        "Aurora": 0.377239829,
        "Natus Vincere": 1,
        "Liquid": 0.499920372,
        "Legacy": 0.609882263,
        "Virtus.pro": 0.556547631,
        "paiN": 0.779674741,
        "3DMAX": 0.565200068,
        "FURIA": 0.561038846,
        "FaZe": 0.494223599,
        "Nemiga": 0.661113595,
        "Lynn Vision": 0.590367521
    },
    "Liquid": {
        "Vitality": 0.15287184,
        "MOUZ": 0.271076445,
        "Spirit": 0.252973017,
        "G2": 0.325662808,
        "The Mongolz": 0.272716471,
        "Aurora": 0.284015826,
        "Natus Vincere": 0.306334497,
        "Liquid": 1,
        "Legacy": 0.522125105,
        "Virtus.pro": 0.417666296,
        "paiN": 0.601074572,
        "3DMAX": 0.448887359,
        "FURIA": 0.480674747,
        "FaZe": 0.389300049,
        "Nemiga": 0.562654385,
        "Lynn Vision": 0.573891041
    },
    "Legacy": {
        "Vitality": 0.212640049,
        "MOUZ": 0.262806684,
        "Spirit": 0.264605722,
        "G2": 0.322652179,
        "The Mongolz": 0.296987129,
        "Aurora": 0.296802326,
        "Natus Vincere": 0.335719812,
        "Liquid": 0.373453451,
        "Legacy": 1,
        "Virtus.pro": 0.418315202,
        "paiN": 0.592096298,
        "3DMAX": 0.423896104,
        "FURIA": 0.432388593,
        "FaZe": 0.370305199,
        "Nemiga": 0.576884838,
        "Lynn Vision": 0.502133854
    },
    "Virtus.pro": {
        "Vitality": 0.227237499,
        "MOUZ": 0.259378069,
        "Spirit": 0.284912834,
        "G2": 0.395478271,
        "The Mongolz": 0.343597596,
        "Aurora": 0.305535626,
        "Natus Vincere": 0.421971004,
        "Liquid": 0.525283798,
        "Legacy": 0.581684798,
        "Virtus.pro": 1,
        "paiN": 0.702180311,
        "3DMAX": 0.536185069,
        "FURIA": 0.50566646,
        "FaZe": 0.467109635,
        "Nemiga": 0.644953775,
        "Lynn Vision": 0.563279857
    },
    "paiN": {
        "Vitality": 0.124560556,
        "MOUZ": 0.139343637,
        "Spirit": 0.157595086,
        "G2": 0.192937221,
        "The Mongolz": 0.175776028,
        "Aurora": 0.177685623,
        "Natus Vincere": 0.201841902,
        "Liquid": 0.378443604,
        "Legacy": 0.375247908,
        "Virtus.pro": 0.297819689,
        "paiN": 1,
        "3DMAX": 0.329024566,
        "FURIA": 0.348960647,
        "FaZe": 0.276679141,
        "Nemiga": 0.46489505,
        "Lynn Vision": 0.459790022
    },
    "3DMAX": {
        "Vitality": 0.222758569,
        "MOUZ": 0.183024029,
        "Spirit": 0.238676845,
        "G2": 0.367435962,
        "The Mongolz": 0.25551425,
        "Aurora": 0.247998447,
        "Natus Vincere": 0.362202608,
        "Liquid": 0.480562133,
        "Legacy": 0.4823868,
        "Virtus.pro": 0.463814931,
        "paiN": 0.646420491,
        "3DMAX": 1,
        "FURIA": 0.494306662,
        "FaZe": 0.350411257,
        "Nemiga": 0.626196943,
        "Lynn Vision": 0.516444692
    },
    "FURIA": {
        "Vitality": 0.21959832,
        "MOUZ": 0.275543856,
        "Spirit": 0.283043601,
        "G2": 0.390859764,
        "The Mongolz": 0.361769628,
        "Aurora": 0.326493279,
        "Natus Vincere": 0.438961154,
        "Liquid": 0.519325253,
        "Legacy": 0.567611407,
        "Virtus.pro": 0.49433354,
        "paiN": 0.622893949,
        "3DMAX": 0.505693338,
        "FURIA": 1,
        "FaZe": 0.456849315,
        "Nemiga": 0.635169699,
        "Lynn Vision": 0.607661164
    },
    "FaZe": {
        "Vitality": 0.245861183,
        "MOUZ": 0.303557593,
        "Spirit": 0.308392268,
        "G2": 0.434884828,
        "The Mongolz": 0.385624676,
        "Aurora": 0.36518139,
        "Natus Vincere": 0.505776401,
        "Liquid": 0.610699951,
        "Legacy": 0.629694801,
        "Virtus.pro": 0.532890365,
        "paiN": 0.723320859,
        "3DMAX": 0.649588743,
        "FURIA": 0.543150685,
        "FaZe": 1,
        "Nemiga": 0.672619175,
        "Lynn Vision": 0.630520162
    },
    "Nemiga": {
        "Vitality": 0.198012624,
        "MOUZ": 0.274472689,
        "Spirit": 0.221076747,
        "G2": 0.275400765,
        "The Mongolz": 0.252289646,
        "Aurora": 0.258120909,
        "Natus Vincere": 0.33218034,
        "Liquid": 0.381838642,
        "Legacy": 0.423115162,
        "Virtus.pro": 0.347458623,
        "paiN": 0.53510495,
        "3DMAX": 0.373803057,
        "FURIA": 0.364830301,
        "FaZe": 0.327380825,
        "Nemiga": 1,